,Accuracy,Precision,Recall,F1-Score
Naive_Bayes,0.7715578424414479,0.9105482526450785,0.6639133483986597,0.7679134745380802
Decision_Tree,0.7664567068843151,0.9665844636251542,0.6108470349879218,0.7486033519553073
Random_Forest,0.7731547196593329,0.9681018799272286,0.6219901815631574,0.7573773602808616
Logistic_Regression,0.7558552164655784,0.9245742092457421,0.621834333359308,0.743570629891912
SVM,0.7618878637331441,0.9629170284013394,0.6050027273435674,0.7431087289433385
